<?xml version="1.0" encoding="UTF-8"?>
<rss version="2.0" xmlns:atom="http://www.w3.org/2005/Atom">
  <channel>
    <title>BCB Lab</title>
    <description></description>
    <link>http://localhost:4000/</link>
    <atom:link href="http://localhost:4000/feed.xml" rel="self" type="application/rss+xml"/>
    <pubDate>Tue, 07 Mar 2017 23:10:13 -0300</pubDate>
    <lastBuildDate>Tue, 07 Mar 2017 23:10:13 -0300</lastBuildDate>
    <generator>Jekyll v3.4.1</generator>
    
      <item>
        <title>Bem-vindos</title>
        <description>&lt;p&gt;Bem-vindos à disciplina &lt;strong&gt;Métodos Computacionais em Estatística&lt;/strong&gt;. Use os links acima para maiores informações.&lt;/p&gt;
</description>
        <pubDate>Thu, 02 Mar 2017 00:00:00 -0300</pubDate>
        <link>http://localhost:4000/2017/03/02/bem-vindos</link>
        <guid isPermaLink="true">http://localhost:4000/2017/03/02/bem-vindos</guid>
        
        
      </item>
    
  </channel>
</rss>
